Fecha;Post_ID;URL;Tipo_Error;Detalle_Error
2026-05-21 20:20:27;Desconocido;https://simp6.cuckcapital.cr/images/malditakoneja22-1636157569285648387-20230316_010857-img1.jpg;FATAL;[downloader.http][warning] '404 Not Found' for 'https://simp6.cuckcapital.cr/images/malditakoneja22-1636157569285648387-20230316_010857-img1.jpg'
2026-05-21 20:20:27;Desconocido;https://c2ke.scdn.st/Shinobu--9--92JPpIDo.jpg;TRANSITORIO;[downloader.http][warning] '429 Too Many Requests' for 'https://c2ke.scdn.st/Shinobu--9--92JPpIDo.jpg'
2026-05-21 20:20:27;Desconocido;https://c2ke.scdn.st/Power-Bikini--8--4R9BUoUS.jpg;TRANSITORIO;[downloader.http][warning] '429 Too Many Requests' for 'https://c2ke.scdn.st/Power-Bikini--8--4R9BUoUS.jpg'
2026-05-21 20:20:27;Desconocido;https://c2ke.scdn.st/Nath-x-Limalimoon--36--OgU90EKm.jpg;TRANSITORIO;[downloader.http][warning] '429 Too Many Requests' for 'https://c2ke.scdn.st/Nath-x-Limalimoon--36--OgU90EKm.jpg'
2026-05-21 20:20:27;Desconocido;https://c2ke.scdn.st/Nath-x-Limalimoon--26--KZkg02dS.jpg;TRANSITORIO;[downloader.http][warning] '429 Too Many Requests' for 'https://c2ke.scdn.st/Nath-x-Limalimoon--26--KZkg02dS.jpg'
2026-05-21 20:20:27;Desconocido;https://c2ke.scdn.st/Nath-x-Limalimoon--25--kCIWMO2w.jpg;TRANSITORIO;[downloader.http][warning] '429 Too Many Requests' for 'https://c2ke.scdn.st/Nath-x-Limalimoon--25--kCIWMO2w.jpg'
2026-05-21 20:20:27;Desconocido;https://c2ke.scdn.st/Maid--14--bDS4iDHE.jpg;TRANSITORIO;[downloader.http][warning] '429 Too Many Requests' for 'https://c2ke.scdn.st/Maid--14--bDS4iDHE.jpg'
2026-05-21 20:20:27;Desconocido;https://c2ke.scdn.st/Diablita--29--WHvpLers.jpg;TRANSITORIO;[downloader.http][warning] '429 Too Many Requests' for 'https://c2ke.scdn.st/Diablita--29--WHvpLers.jpg'
2026-05-21 20:20:27;Desconocido;https://c2ke.scdn.st/Diablita--16--f7HM6Esc.jpg;TRANSITORIO;[downloader.http][warning] '429 Too Many Requests' for 'https://c2ke.scdn.st/Diablita--16--f7HM6Esc.jpg'
2026-05-21 20:20:27;Desconocido;https://c2ke.scdn.st/Diablita--5--KxGCBBim.jpg;TRANSITORIO;[downloader.http][warning] '429 Too Many Requests' for 'https://c2ke.scdn.st/Diablita--5--KxGCBBim.jpg'
2026-05-21 20:20:27;Desconocido;https://c2ke.scdn.st/Makima--3--rfuQMvTC.png;TRANSITORIO;[downloader.http][warning] '429 Too Many Requests' for 'https://c2ke.scdn.st/Makima--3--rfuQMvTC.png'
2026-05-21 20:20:27;Desconocido;https://c2ke.scdn.st/Ada-Wong--99--E1TrVoKF.jpg;TRANSITORIO;[downloader.http][warning] '429 Too Many Requests' for 'https://c2ke.scdn.st/Ada-Wong--99--E1TrVoKF.jpg'
2026-05-21 20:20:27;Desconocido;https://c2ke.scdn.st/Ada-Wong--88--RnRzmKPr.jpg;TRANSITORIO;[downloader.http][warning] '429 Too Many Requests' for 'https://c2ke.scdn.st/Ada-Wong--88--RnRzmKPr.jpg'
2026-05-21 20:20:27;Desconocido;https://c2ke.scdn.st/Ada-Wong--83--dCDtlucA.jpg;TRANSITORIO;[downloader.http][warning] '429 Too Many Requests' for 'https://c2ke.scdn.st/Ada-Wong--83--dCDtlucA.jpg'
2026-05-21 20:20:27;Desconocido;https://c2ke.scdn.st/Ada-Wong--82--Vjg763In.jpg;TRANSITORIO;[downloader.http][warning] '429 Too Many Requests' for 'https://c2ke.scdn.st/Ada-Wong--82--Vjg763In.jpg'
2026-05-21 20:20:28;Desconocido;https://c2ke.scdn.st/Ada-Wong--51--BIEnsTy1.jpg;TRANSITORIO;[downloader.http][warning] '429 Too Many Requests' for 'https://c2ke.scdn.st/Ada-Wong--51--BIEnsTy1.jpg'
2026-05-21 20:20:28;Desconocido;https://c2ke.scdn.st/Ada-Wong--44--CHwhtyDt.jpg;TRANSITORIO;[downloader.http][warning] '429 Too Many Requests' for 'https://c2ke.scdn.st/Ada-Wong--44--CHwhtyDt.jpg'
2026-05-21 20:20:28;Desconocido;https://c2ke.scdn.st/Ada-Wong--39--NMuYh5ID.jpg;TRANSITORIO;[downloader.http][warning] '429 Too Many Requests' for 'https://c2ke.scdn.st/Ada-Wong--39--NMuYh5ID.jpg'
2026-05-21 20:20:28;Desconocido;https://c2ke.scdn.st/Ada-Wong--34--mwOse2F4.jpg;TRANSITORIO;[downloader.http][warning] '429 Too Many Requests' for 'https://c2ke.scdn.st/Ada-Wong--34--mwOse2F4.jpg'
2026-05-21 20:20:28;Desconocido;https://c2ke.scdn.st/Ada-Wong--29--blxfQ4BQ.jpg;TRANSITORIO;[downloader.http][warning] '429 Too Many Requests' for 'https://c2ke.scdn.st/Ada-Wong--29--blxfQ4BQ.jpg'
2026-05-21 20:20:28;Desconocido;https://c2ke.scdn.st/Ada-Wong--19--xCBQZ1em.jpg;TRANSITORIO;[downloader.http][warning] '429 Too Many Requests' for 'https://c2ke.scdn.st/Ada-Wong--19--xCBQZ1em.jpg'
2026-05-21 20:20:28;Desconocido;https://c2ke.scdn.st/xnatthekillerx_0040-nOCbjhf8.jpg;TRANSITORIO;[downloader.http][warning] '429 Too Many Requests' for 'https://c2ke.scdn.st/xnatthekillerx_0040-nOCbjhf8.jpg'
2026-05-21 20:20:28;Desconocido;https://c2ke.scdn.st/xnatthekillerx_0036-3g0IBXpt.jpg;TRANSITORIO;[downloader.http][warning] '429 Too Many Requests' for 'https://c2ke.scdn.st/xnatthekillerx_0036-3g0IBXpt.jpg'
2026-05-21 20:20:28;Desconocido;https://c2ke.scdn.st/xnatthekillerx_0031-XSD9OxMu.jpg;TRANSITORIO;[downloader.http][warning] '429 Too Many Requests' for 'https://c2ke.scdn.st/xnatthekillerx_0031-XSD9OxMu.jpg'
2026-05-21 20:20:28;Desconocido;https://c2ke.scdn.st/xnatthekillerx_0025-UvN6Avqk.jpg;TRANSITORIO;[downloader.http][warning] '429 Too Many Requests' for 'https://c2ke.scdn.st/xnatthekillerx_0025-UvN6Avqk.jpg'
2026-05-21 20:20:28;Desconocido;https://c2ke.scdn.st/5055402247034350967_121d0342ac5348a98a1-md-TMzMyveU.jpg;TRANSITORIO;[downloader.http][warning] '429 Too Many Requests' for 'https://c2ke.scdn.st/5055402247034350967_121d0342ac5348a98a1-md-TMzMyveU.jpg'
2026-05-21 20:20:28;Desconocido;https://c2ke.scdn.st/5055402247034350964_121069c9108471c6660-md-64qw1OOZ.jpg;TRANSITORIO;[downloader.http][warning] '429 Too Many Requests' for 'https://c2ke.scdn.st/5055402247034350964_121069c9108471c6660-md-64qw1OOZ.jpg'
2026-05-21 20:20:28;Desconocido;https://c2ke.scdn.st/5055402247034350963_1217afae307d16b13ba-md-nfGRg7pY.jpg;TRANSITORIO;[downloader.http][warning] '429 Too Many Requests' for 'https://c2ke.scdn.st/5055402247034350963_1217afae307d16b13ba-md-nfGRg7pY.jpg'
2026-05-21 20:20:28;Desconocido;https://c2ke.scdn.st/5055402247034350961_1215607ba561c59076a-md-iSzVzcyh.jpg;TRANSITORIO;[downloader.http][warning] '429 Too Many Requests' for 'https://c2ke.scdn.st/5055402247034350961_1215607ba561c59076a-md-iSzVzcyh.jpg'
2026-05-21 20:20:28;Desconocido;https://c2ke.scdn.st/IMG_20240412_185316_1514e87484c6a8b2636-Dmegva8I.jpg;TRANSITORIO;[downloader.http][warning] '429 Too Many Requests' for 'https://c2ke.scdn.st/IMG_20240412_185316_1514e87484c6a8b2636-Dmegva8I.jpg'
2026-05-21 20:20:28;Desconocido;https://c2ke.scdn.st/IMG_20240412_185307_124df18dae02510e6d6-Gz1tB3dZ.jpg;TRANSITORIO;[downloader.http][warning] '429 Too Many Requests' for 'https://c2ke.scdn.st/IMG_20240412_185307_124df18dae02510e6d6-Gz1tB3dZ.jpg'
2026-05-21 20:20:28;Desconocido;https://c2ke.scdn.st/IMG_20240412_185307_5205dea517cfdc589c8-BFcIumE7.jpg;TRANSITORIO;[downloader.http][warning] '429 Too Many Requests' for 'https://c2ke.scdn.st/IMG_20240412_185307_5205dea517cfdc589c8-BFcIumE7.jpg'
2026-05-21 20:20:28;Desconocido;https://c2ke.scdn.st/IMG_20240412_185327_403ed0110f76b032f46-gs93G2bp.jpg;TRANSITORIO;[downloader.http][warning] '429 Too Many Requests' for 'https://c2ke.scdn.st/IMG_20240412_185327_403ed0110f76b032f46-gs93G2bp.jpg'
2026-05-21 20:20:28;Desconocido;https://c2ke.scdn.st/5019438089273191878_121450b9e75157443a5-rYtoCeNE.jpg;TRANSITORIO;[downloader.http][warning] '429 Too Many Requests' for 'https://c2ke.scdn.st/5019438089273191878_121450b9e75157443a5-rYtoCeNE.jpg'
2026-05-21 20:20:28;Desconocido;https://c2ke.scdn.st/4979227544591118100_1214b5142cbb2623d6f-G4dq2YFr.jpg;TRANSITORIO;[downloader.http][warning] '429 Too Many Requests' for 'https://c2ke.scdn.st/4979227544591118100_1214b5142cbb2623d6f-G4dq2YFr.jpg'
2026-05-21 20:20:28;Desconocido;https://c2ke.scdn.st/4979227544591118099_12120d3d84feae4be4c-5mnCJnNn.jpg;TRANSITORIO;[downloader.http][warning] '429 Too Many Requests' for 'https://c2ke.scdn.st/4979227544591118099_12120d3d84feae4be4c-5mnCJnNn.jpg'
2026-05-21 20:20:28;Desconocido;https://c2ke.scdn.st/4979227544591118098_12180921eecf2cd17ea-SoyGIujN.jpg;TRANSITORIO;[downloader.http][warning] '429 Too Many Requests' for 'https://c2ke.scdn.st/4979227544591118098_12180921eecf2cd17ea-SoyGIujN.jpg'
2026-05-21 20:20:28;Desconocido;https://c2ck.scdn.st/4f4ed7ea-5fcf-4a3a-b6a7-bbab8a2a3451.jpg;TRANSITORIO;[downloader.http][warning] '429 Too Many Requests' for 'https://c2ck.scdn.st/4f4ed7ea-5fcf-4a3a-b6a7-bbab8a2a3451.jpg'
2026-05-21 20:20:28;Desconocido;https://c2ck.scdn.st/2cd7d377-462f-4fe3-92d6-2d89b2e93e12.jpg;TRANSITORIO;[downloader.http][warning] '429 Too Many Requests' for 'https://c2ck.scdn.st/2cd7d377-462f-4fe3-92d6-2d89b2e93e12.jpg'
2026-05-21 20:20:28;Desconocido;https://c2ck.scdn.st/a90eea1f-0f3d-423f-8ab7-1c68f9ea6678.jpg;TRANSITORIO;[downloader.http][warning] '429 Too Many Requests' for 'https://c2ck.scdn.st/a90eea1f-0f3d-423f-8ab7-1c68f9ea6678.jpg'
2026-05-21 20:20:28;Desconocido;https://c2ck.scdn.st/1a2b78f1-c405-4d0e-a964-82ddfaadbdfa.jpg;TRANSITORIO;[downloader.http][warning] '429 Too Many Requests' for 'https://c2ck.scdn.st/1a2b78f1-c405-4d0e-a964-82ddfaadbdfa.jpg'
2026-05-21 20:20:28;Desconocido;https://c2ck.scdn.st/03995fbd-0113-439e-bec6-a724f6b64b72.jpg;TRANSITORIO;[downloader.http][warning] '429 Too Many Requests' for 'https://c2ck.scdn.st/03995fbd-0113-439e-bec6-a724f6b64b72.jpg'
2026-05-21 20:20:28;Desconocido;https://bunkr.fi/a/Eyuupqqs;TRANSITORIO;[bunkr][error] HttpError: '503 Service Unavailable' for 'https://bunkr.fi/a/Eyuupqqs'
2026-05-21 20:20:28;Desconocido;https://bunkr.fi/a/X5Tb6QmU;TRANSITORIO;[bunkr][error] HttpError: '503 Service Unavailable' for 'https://bunkr.fi/a/X5Tb6QmU'
